{
  "trolleyHome" : [34.74133, -86.592192],
  "dtBounds" : {"nw" : [34.74034, -86.61123], "se" : [34.70817,-86.56729]}, 
  "dtStopArray" :  [[34.73146324046631,-86.58602399965186],
                    [34.73215419833792,-86.58577283108094],
                    [34.73134563953416,-86.58669446833825],
                    [34.72984862117347,-86.58476143264082],
                    [34.73063484106343,-86.58543129690266],
                    [34.73005212944076,-86.5856419025351],
                    [34.72848998489527,-86.58521724798528],
                    [34.727980959672855,-86.58545800806436],
                    [34.72799985369982,-86.58696316089487],
                    [34.72787343694173,-86.58990569265552],
                    [34.725117928743565,-86.58930354416455],
                    [34.72419700832501,-86.59399589217674],
                    [34.731297932596455,-86.58509150166164],
                    [34.73215419833792,-86.58577283108094],
                    [34.738678928610724,-86.5757022520155],
                    [34.737743202896766,-86.57653679246724],
                    [34.73732421209856,-86.58626297237873],
                    [34.73520448667055,-86.59163407778385],
                    [34.73146324046631,-86.58602399965186]]
}

